STATE,ST_CASE,VE_TOTAL,VE_FORMS,PVH_INVL,PEDS,PERNOTMVIT,PERMVIT,PERSONS,COUNTY,CITY,DAY,MONTH,YEAR,DAY_WEEK,HOUR,MINUTE,NHS,RUR_URB,FUNC_SYS,RD_OWNER,ROUTE,TWAY_ID,TWAY_ID2,MILEPT,LATITUDE,LONGITUD,SP_JUR,HARM_EV,MAN_COLL,RELJCT1,RELJCT2,TYP_INT,WRK_ZONE,REL_ROAD,LGT_COND,WEATHER1,WEATHER2,WEATHER,SCH_BUS,RAIL,NOT_HOUR,NOT_MIN,ARR_HOUR,ARR_MIN,HOSP_HR,HOSP_MN,CF1,CF2,CF3,FATALS,DRUNK_DR
27,270185,1,1,0,1,1,1,1,113,6910,18,7,2016,2,17,53,0,2,4,4,6,GREENWOOD ST W,OAKLAND PARK RD,10,48.10797778,-96.186925000000,0,9,0,0,3,2,0,1,1,1,0,1,0,0000000,17,53,17,53,18,0,0,0,0,1,0
27,270186,1,1,0,0,0,1,1,37,6060,22,7,2016,6,3,43,0,2,4,1,3,SR-3 ROBERT TR S,,348,44.76575833,-93.122475000000,0,35,0,0,1,1,0,4,3,1,0,1,0,0000000,3,44,3,51,88,88,0,0,0,1,1
27,270187,1,1,0,0,0,1,1,57,0,23,7,2016,7,6,29,0,1,7,3,5,190 ST,,22,46.93593056,-95.116275000000,0,1,0,0,1,1,0,1,2,99,0,99,0,0000000,6,29,6,30,88,88,0,0,0,1,1
27,270188,2,2,0,0,0,6,6,113,0,23,7,2016,7,19,49,1,1,3,1,2,US-59,CR-3 CENTER ST E,3473,48.01957500,-96.054883330000,0,12,6,0,2,2,0,1,1,10,0,10,0,0000000,19,51,20,0,20,23,0,0,0,2,0
27,270189,2,2,0,0,0,2,2,137,0,25,7,2016,2,16,0,1,1,3,1,2,US-53,,276,47.00362778,-92.470975000000,0,12,1,0,1,1,0,1,1,1,0,1,0,0000000,16,0,99,98,88,88,0,0,0,1,0
27,270191,3,3,0,0,0,3,3,21,0,30,7,2016,7,16,20,1,1,3,1,3,SR-210,JANICK TRL SW,1107,46.33545556,-94.448338890000,0,12,7,0,3,3,0,1,1,1,0,1,0,0000000,16,22,16,29,16,48,0,0,0,1,0
27,270192,2,2,0,0,0,4,4,41,0,30,7,2016,7,19,55,0,1,4,1,3,SR-55,WENNERSBORG RD,487,45.80318611,-95.749847220000,0,12,6,1,2,3,0,1,1,1,0,1,0,0000000,19,55,20,18,21,0,0,0,0,1,1
27,270193,5,5,0,0,0,5,5,95,0,31,7,2016,1,14,27,1,1,3,1,3,SR-23,CR-119 160TH AVE,2272,45.72629444,-93.740744440000,0,12,1,0,2,2,0,1,1,10,0,10,0,0000000,14,27,14,47,15,30,0,0,0,2,0
27,270194,1,1,0,0,0,1,1,19,7160,1,8,2016,2,19,20,0,1,5,2,4,CR-11 VICTORIA DR,,106,44.83291944,-93.653158330000,0,1,0,0,1,1,0,4,1,10,0,10,0,0000000,19,20,19,25,19,45,0,0,0,1,1
27,270195,1,1,0,0,0,1,1,57,0,4,8,2016,5,16,30,0,1,5,2,4,CR-12,,49,46.99867778,-94.712505560000,0,1,0,0,1,1,0,1,1,1,0,1,0,0000000,16,31,16,38,88,88,0,0,0,1,1
27,270196,2,2,0,0,0,2,2,35,0,4,8,2016,5,18,33,1,2,3,1,3,SR-371B,,39,46.32303333,-94.210880560000,0,12,2,0,1,1,0,1,1,1,0,1,0,0000000,18,33,99,99,99,99,0,0,0,1,0
27,270197,1,1,0,0,0,2,2,43,0,4,8,2016,5,19,42,0,1,7,3,5,400TH AVE,,7,43.51304167,-94.068191670000,0,34,0,0,1,1,0,4,1,1,0,1,0,0000000,19,44,19,55,20,17,0,0,0,2,0
27,270198,2,2,0,0,0,2,2,139,490,5,8,2016,6,20,50,1,2,3,1,4,CR-5,US-169,64,44.62269167,-93.747636110000,0,12,6,1,2,3,0,1,3,1,0,1,0,0000000,20,50,20,57,21,29,0,0,0,1,1
27,270199,2,2,0,0,0,4,4,115,0,5,8,2016,6,22,57,0,1,5,1,3,SR-107,,152,45.91413889,-93.123802780000,0,12,11,0,1,1,0,1,2,10,0,10,0,0000000,22,59,23,8,23,57,0,0,0,3,1
27,270200,1,1,0,0,0,1,1,153,0,22,8,2016,2,14,11,1,1,1,1,1,I-94,,1208,45.77643889,-95.054127780000,0,59,0,0,1,1,0,4,9,99,0,99,0,0000000,88,88,88,88,88,88,99,99,99,1,1
27,270202,2,2,0,0,0,2,2,151,0,9,8,2016,3,0,46,0,1,4,1,2,US-12 30TH ST SW,SR-119 220TH AVE SW,211,45.28311667,-96.035025000000,0,12,6,0,2,2,0,1,2,1,0,1,0,0000000,0,48,99,99,99,99,0,0,0,1,1
27,270203,1,1,0,0,0,1,1,43,0,9,8,2016,3,5,15,0,1,5,1,3,SR-109,,101,43.76065556,-93.963002780000,0,1,0,0,1,1,0,4,2,10,0,10,0,0000000,5,15,5,30,88,88,0,0,0,1,0
27,270204,5,5,0,0,0,7,7,147,0,10,8,2016,4,17,6,1,2,1,1,1,I-35,,270,43.87528889,-93.276813890000,0,1,0,0,1,1,0,3,1,1,0,1,0,0000000,17,7,7,7,99,99,0,0,0,1,0
27,270205,1,1,0,0,0,1,1,53,4760,10,8,2016,4,20,10,0,2,4,2,4,CR-66 BROADWAY ST NE,,59,44.99869444,-93.242216670000,0,1,0,0,98,98,0,4,1,2,0,2,0,0000000,20,11,20,17,20,20,0,0,0,1,1
27,270206,2,2,0,0,0,2,2,163,6455,11,8,2016,5,7,55,0,1,4,2,4,CR-13 MANNING TR N,180TH ST N,188,45.21031944,-92.884519440000,0,12,2,0,2,2,0,1,1,10,0,10,0,0000000,7,57,8,11,88,88,0,0,0,1,0
27,270207,2,2,0,0,0,2,2,101,6560,11,8,2016,5,10,6,1,1,3,1,2,US-59,30TH ST,402,43.98243889,-95.742833330000,0,12,1,0,2,3,0,1,1,1,0,1,0,0000000,10,8,10,10,10,23,0,0,0,1,0
27,270208,1,1,0,0,0,1,1,37,0,12,8,2016,6,17,5,0,1,6,2,4,CR-81 NICOLAI AVE E,,36,44.58644722,-92.812741670000,0,42,0,0,1,1,0,5,1,2,10,2,0,0000000,17,5,17,15,88,88,0,0,0,1,0
27,270209,4,4,0,0,0,10,10,131,2310,13,8,2016,7,11,44,1,2,1,1,1,I-35,,568,44.29048056,-93.309136110000,0,12,1,1,18,1,1,1,1,1,0,1,0,0000000,11,42,11,47,12,15,0,0,0,1,0
27,270210,1,1,0,1,1,1,1,139,0,14,8,2016,1,5,13,1,1,3,1,2,US-169,,900,44.60297222,-93.787177780000,0,8,0,0,1,1,1,1,2,1,0,1,0,0000000,88,88,88,88,88,88,0,0,0,1,0
27,270211,1,1,0,1,1,1,1,53,2030,14,8,2016,1,20,52,0,2,4,2,4,CR-17 FRANCE AVE,,37,44.86367500,-93.328713890000,0,8,0,0,1,1,0,1,2,1,0,1,0,0000000,20,52,20,55,88,88,0,0,0,1,0
27,270212,1,1,0,1,1,1,1,53,675,15,8,2016,2,6,53,0,2,4,2,4,CR-52 NICOLLET AVE S,86TH ST,15,44.84788889,-93.278555560000,0,46,0,0,3,2,0,4,1,1,0,1,0,0000000,6,53,6,58,88,88,0,0,0,1,0
27,270213,1,1,0,0,0,1,1,37,1945,16,8,2016,3,16,10,0,2,4,2,4,CR-43 LEXINGTON AVE,,31,44.83386667,-93.147055560000,0,59,0,0,1,1,0,4,1,10,0,10,0,0000000,16,12,16,19,16,57,0,0,0,1,0
27,270214,1,1,0,1,1,1,1,161,7370,17,8,2016,4,17,30,0,2,4,2,4,CR-4 4TH ST SW,,205,44.07310556,-93.511908330000,0,9,0,0,1,1,0,1,1,1,0,1,0,0000000,17,31,17,34,18,10,0,0,0,1,0
27,270216,2,2,0,0,0,2,2,7,0,19,8,2016,6,21,56,1,1,3,1,2,US-2,3RD ST NW,1072,47.51315278,-95.002566670000,0,12,6,0,2,3,0,1,3,1,0,1,0,0000000,21,57,22,14,88,88,0,0,0,1,0
27,270218,1,1,0,1,1,1,1,109,0,24,8,2016,4,22,25,1,2,3,2,4,CR-33,,11,44.07333333,-92.449127780000,0,9,0,0,1,1,2,1,2,1,0,1,0,0000000,22,26,22,30,88,88,0,0,0,1,0
27,270219,1,1,0,0,0,1,1,117,0,27,8,2016,7,7,46,0,1,5,2,4,CR-10 211TH ST,,158,44.15331667,-96.136205560000,0,1,0,0,1,1,0,4,2,2,5,2,0,0000000,7,46,7,57,88,88,0,0,0,1,1
27,270220,1,1,0,0,0,9,9,3,671,27,8,2016,7,15,8,1,1,1,1,1,I-35W,,322,45.14476389,-93.183352780000,0,57,0,1,19,1,0,3,1,1,0,1,0,0000000,15,8,99,99,99,99,0,0,0,2,0
27,270221,2,2,0,0,0,2,2,97,0,28,8,2016,1,0,51,0,1,5,1,3,SR-27,,1671,46.07766389,-93.839508330000,0,12,2,0,1,1,0,1,2,1,0,1,0,0000000,1,6,1,21,1,54,0,0,0,1,0
27,270222,1,1,0,1,1,2,2,109,5960,30,8,2016,3,6,14,0,2,4,2,4,CR-4 VALLEYHIGH DR NW,19TH ST NW,84,44.04360833,-92.502483330000,0,9,0,0,3,2,0,1,1,10,0,10,0,0000000,6,15,6,20,6,30,0,0,0,1,0
27,270223,1,1,0,0,0,1,1,77,0,31,8,2016,4,7,18,0,1,5,1,3,SR-172,,71,48.77985833,-94.718105560000,0,42,0,0,1,1,0,4,1,1,0,1,0,0000000,7,18,7,33,8,24,0,0,0,1,0
27,270224,2,2,0,0,0,2,2,53,5910,31,8,2016,4,7,20,0,2,4,2,4,CR-53 E 66TH ST,5TH AVE S,29,44.88350556,-93.269122220000,0,12,6,0,3,2,0,1,1,1,0,1,0,0000000,7,21,7,28,7,54,0,0,0,1,1
27,270225,2,2,0,0,0,2,2,37,956,1,9,2016,5,16,56,0,2,5,4,6,BURNSVILLE PKWY,143RD CIR W,9,44.74283611,-93.323472220000,0,12,2,0,2,3,0,1,1,1,0,1,0,0000000,16,57,17,0,88,88,0,0,0,1,0
27,270226,1,1,0,1,1,2,2,5,0,1,9,2016,5,21,30,1,2,3,1,2,US-59,,2647,46.85385833,-95.872630560000,0,8,0,0,8,1,0,2,2,1,0,1,0,0000000,21,32,21,38,88,88,0,0,0,1,1
27,270228,2,2,0,0,0,2,2,93,0,3,9,2016,7,17,10,0,1,5,2,4,CR-14,250TH ST,97,45.10885556,-94.410333330000,0,12,7,0,3,3,0,1,1,1,0,1,0,0000000,17,7,17,14,18,15,0,0,0,1,0
27,270229,2,2,0,0,0,4,4,99,5785,4,9,2016,1,9,4,1,1,3,1,2,US-63,CR-1 MAIN ST E,232,43.77592778,-92.485300000000,0,12,6,0,2,2,0,1,1,10,0,10,0,0000000,9,7,9,22,9,52,0,0,0,1,0
27,270230,1,1,0,0,0,6,6,21,0,5,9,2016,2,4,48,0,1,5,2,4,CR-8,,133,47.22858056,-94.208947220000,0,42,0,0,1,1,0,5,2,2,0,2,0,0000000,4,48,5,3,5,55,0,0,0,1,0
27,270231,2,2,0,0,0,2,2,13,0,5,9,2016,2,20,49,0,2,5,2,4,CR-3 N VICTORY DR,,17,44.18159167,-93.933219440000,0,12,1,0,1,1,0,1,3,10,0,10,0,0000000,20,49,21,3,88,88,0,0,0,1,0
27,270232,2,2,0,0,0,3,3,53,4760,6,9,2016,3,15,25,0,2,5,4,6,E 24TH ST,15TH AVE S,7,44.95913333,-93.253600000000,0,12,6,0,2,2,0,1,1,10,0,10,0,0000000,15,25,15,30,99,99,0,0,0,1,0
27,270233,2,2,0,0,0,4,4,5,1810,8,9,2016,5,14,10,1,2,3,1,2,US-10,NORTHSHORE DR,467,46.80716111,-95.818366670000,0,12,6,0,2,3,0,1,1,1,0,1,0,0000000,14,11,14,13,14,30,0,0,0,1,0
27,270234,1,1,0,0,0,1,1,37,0,8,9,2016,5,22,45,0,1,5,2,4,CR-88 295TH ST E,,71,44.52175278,-92.935569440000,0,1,0,0,1,1,0,4,2,1,0,1,0,0000000,22,45,22,55,0,20,0,0,0,1,1
27,270235,2,2,0,0,0,6,6,21,0,9,9,2016,6,6,45,0,1,7,3,5,76TH ST SW,,15,46.52924167,-94.592788890000,0,12,2,0,1,1,0,1,1,1,0,1,0,0000000,6,55,7,15,8,20,0,0,0,1,0
27,270236,1,1,0,0,0,1,1,95,0,9,9,2016,6,7,0,0,1,4,1,3,SR-27,,1866,46.13264444,-93.504591670000,0,1,0,0,1,1,0,4,2,1,0,1,0,0000000,7,0,7,0,88,88,0,0,0,1,1
27,270237,2,2,0,0,0,4,4,25,0,9,9,2016,6,8,39,0,1,5,2,4,CR-12 PARK TR,CR-20 FURUBY RD,22,45.42981111,-92.805858330000,0,12,6,0,2,2,0,1,1,10,0,10,0,0000000,8,40,8,56,9,34,0,0,0,1,0
27,270238,2,2,0,0,0,2,2,145,6250,14,9,2016,4,18,46,1,2,3,2,4,CR-75 ROOSEVELT RD,OAK RIDGE LN,101,45.52864167,-94.163336110000,0,12,6,0,2,2,0,1,1,1,0,1,0,0000000,18,49,18,55,19,24,0,0,0,1,0
27,270239,2,2,0,0,0,3,3,53,5732,18,9,2016,1,17,36,1,2,2,1,2,US-169,,1324,45.03666667,-93.400894440000,0,12,1,1,18,1,0,1,1,10,0,10,0,0000000,17,39,17,44,88,88,0,0,0,1,0
27,270240,1,1,0,1,1,1,1,53,4760,10,9,2016,7,22,45,0,2,4,1,3,SR-47 UNIVERSITY AVE NE,16TH AVE NE,32,45.00426111,-93.263127780000,0,8,0,0,3,2,0,1,3,10,0,10,0,0000000,22,47,22,54,23,13,0,0,0,1,0
27,270241,2,2,0,0,0,3,3,115,5967,16,9,2016,6,1,34,0,1,4,1,3,SR-70,CR-23,181,45.76677500,-93.001447220000,0,12,6,0,2,2,0,1,2,5,0,5,0,0000000,1,34,1,50,99,99,0,0,0,1,1
27,270242,1,1,0,0,0,1,1,5,3970,15,9,2016,5,22,50,0,1,5,2,4,CR-7 2ND ST,,5,46.88461944,-96.094983330000,0,23,0,0,1,1,0,4,3,10,0,10,0,0000000,22,52,22,53,99,99,0,0,0,1,1
27,270243,1,1,0,0,0,1,1,59,0,18,9,2016,1,17,55,0,1,5,2,4,CR-12 JORDELL DR,,86,45.49889722,-93.120388890000,0,1,0,0,1,1,0,4,1,1,0,1,0,0000000,18,0,18,5,88,88,0,0,0,1,1
27,270244,2,2,0,0,0,2,2,107,0,19,9,2016,2,23,30,0,1,4,2,4,CR-39 120TH AVE,CR-24 300TH ST,182,47.18008611,-96.436244440000,0,12,6,0,2,2,0,1,2,1,0,1,0,0000000,23,35,23,50,88,88,0,0,0,1,1
27,270245,1,1,0,0,0,1,1,79,7390,19,9,2016,2,23,44,0,1,7,3,6,LIND ST,,3,44.22419167,-93.574347220000,0,17,0,0,1,1,0,4,3,1,0,1,0,0000000,23,45,99,99,88,88,0,0,0,1,1
27,270246,2,2,0,0,0,2,2,111,0,20,9,2016,3,7,18,0,1,6,2,4,CR-23,,100,46.71812222,-96.147711110000,0,12,2,0,1,1,0,1,1,10,0,10,0,0000000,7,29,7,33,88,88,0,0,0,1,0
27,270247,1,1,0,0,0,1,1,123,6330,30,5,2016,2,20,58,1,2,1,1,1,I-94,,2439,44.95320556,-93.071244440000,0,1,0,0,1,1,0,3,5,1,0,1,0,0000000,20,58,21,4,21,20,0,0,0,1,0
27,270248,1,1,0,0,0,1,1,123,6330,5,7,2016,3,11,45,1,2,1,1,1,I-94,,2419,44.95085000,-93.108405560000,0,25,0,1,19,1,4,3,1,1,0,1,0,0000000,10,39,10,49,11,0,0,0,0,1,0
27,270249,3,3,0,0,0,7,7,145,0,24,7,2016,1,15,30,1,1,1,1,1,I-94,,1604,45.55834167,-94.340583330000,0,12,1,1,18,1,4,1,1,1,0,1,0,0000000,15,36,15,55,16,30,0,0,0,1,0
27,270250,1,1,0,1,1,2,2,53,4810,21,9,2016,4,5,58,1,2,3,1,3,SR-7,,1861,44.91360833,-93.503966670000,0,8,0,0,1,1,0,1,3,10,0,10,0,0000000,6,2,6,6,88,88,0,0,0,1,0
27,270251,1,1,0,0,0,1,1,135,0,16,8,2016,3,1,55,0,1,5,2,4,CR-2,CR-28,223,48.77611389,-95.722216670000,0,59,0,0,3,3,0,4,6,1,0,1,0,0000000,1,57,2,7,88,88,0,0,0,1,1
27,270252,2,2,0,0,0,2,2,93,0,17,9,2016,7,14,47,0,1,6,2,4,CR-31 590TH AVE,,43,45.20047222,-94.583158330000,0,12,6,0,8,1,0,1,1,1,0,1,0,0000000,14,47,14,57,16,15,0,0,0,1,0
27,270253,1,1,0,0,0,1,1,171,0,21,9,2016,4,11,8,0,1,6,2,4,CR-33 HAMLIN AVE SE,,60,45.12251389,-93.737850000000,0,35,0,0,1,1,0,4,1,10,0,10,0,0000000,11,10,11,23,11,45,0,0,0,1,0
27,270254,2,2,0,2,2,1,1,115,0,22,9,2016,5,6,23,0,1,4,1,3,SR-18,HAMALINE RD,745,46.20205278,-92.960163890000,0,8,0,0,3,3,0,1,2,2,0,2,0,0000000,6,23,6,30,7,0,19,0,0,2,0
27,270255,1,1,0,0,0,1,1,17,0,24,9,2016,7,0,20,0,2,5,2,4,CR-1 THOMSON RD,,153,46.70038611,-92.365147220000,0,42,0,0,1,1,0,4,6,1,0,1,0,0000000,9,0,9,5,88,88,0,0,0,1,1
27,270256,1,1,0,0,0,2,2,97,0,24,9,2016,7,0,58,1,1,3,1,2,US-10,,1510,45.90158889,-94.336377780000,0,1,0,0,1,1,0,3,2,5,0,5,0,0000000,0,58,1,8,88,88,0,0,0,1,0
27,270257,3,2,1,0,1,3,4,41,0,27,9,2016,3,5,50,1,1,1,1,1,I-94,,1120,45.83194444,-95.207811110000,0,14,0,0,1,1,0,2,2,1,0,1,0,0000000,5,54,6,10,99,99,0,0,0,2,0
27,270258,2,2,0,0,0,2,2,141,0,27,9,2016,3,13,15,1,1,3,1,2,US-10,CR-65,1832,45.50838889,-94.070230560000,0,12,6,0,2,2,0,1,1,10,0,10,0,0000000,13,17,13,25,13,57,0,0,0,1,0
27,270259,2,2,0,0,0,2,2,53,4495,30,9,2016,6,12,12,0,2,4,4,6,ELM CREEK BLVD,CR-81,0,45.13115278,-93.442911110000,0,12,6,0,2,2,0,1,1,1,0,1,0,0000000,12,13,12,21,13,23,0,0,0,1,0
27,270260,2,2,0,0,0,3,3,89,0,30,9,2016,6,21,21,0,1,5,2,4,CR-3 GREAT EASTERN,,116,48.29824722,-96.607741670000,0,12,1,0,1,1,0,1,2,99,0,99,0,0000000,21,21,21,38,22,3,0,0,0,1,0
27,270261,3,3,0,0,0,4,4,157,0,2,10,2016,1,15,48,0,1,4,1,3,SR-42,,162,44.18774167,-92.141583330000,0,12,8,0,1,1,0,1,1,1,0,1,0,0000000,15,48,15,57,17,0,0,0,0,1,1
27,270263,2,2,0,0,0,2,2,53,4760,3,10,2016,2,12,39,0,2,4,1,3,SR-47 UNIVERSITY AVE NE,7TH AVE NE,26,44.99565278,-93.261658330000,0,12,6,0,2,2,0,1,1,1,0,1,0,0000000,12,39,12,42,12,50,0,0,0,1,0
27,270264,2,2,0,0,0,2,2,103,0,4,10,2016,3,10,48,1,1,3,1,2,US-14,CR-77 421ST AVE,1242,44.21294167,-94.109930560000,0,12,6,0,2,2,1,1,1,10,0,10,0,0000000,10,48,11,0,11,30,0,0,0,1,0
27,270265,1,1,0,1,1,1,1,9,6440,5,10,2016,4,17,8,0,2,4,2,4,CR-33 BENTON DR N,,12,45.60125833,-94.185619440000,0,8,0,1,18,1,0,1,1,1,0,1,0,0000000,17,9,17,16,88,88,0,0,0,1,0
27,270266,1,1,0,1,1,1,1,113,0,6,10,2016,5,6,55,1,1,3,1,2,US-59,,3474,48.02122500,-96.055155560000,0,8,0,0,1,1,0,1,2,10,0,10,0,0000000,7,5,7,25,7,39,0,0,0,1,0
27,270267,2,2,0,0,0,2,2,141,0,6,10,2016,5,14,21,0,1,5,2,4,CR-8 117TH ST,,31,45.40046667,-93.953333330000,0,12,8,0,1,1,0,1,1,10,0,10,0,0000000,14,37,15,0,15,20,0,0,0,1,0
27,270268,2,2,0,0,0,2,2,119,0,9,10,2016,1,10,50,0,1,6,2,4,CR-23 140TH ST NW,420TH AVE NW,21,48.07896667,-96.954747220000,0,12,6,0,2,2,0,1,1,1,0,1,0,0000000,10,50,11,15,99,99,0,0,0,1,0
27,270269,2,2,0,0,0,3,3,61,0,9,10,2016,1,20,8,1,1,3,1,2,US-2,,2000,47.11460556,-93.244916670000,0,12,2,0,1,1,0,1,2,10,0,10,0,0000000,20,9,20,25,21,0,0,0,0,1,1
27,270270,2,2,0,0,0,2,2,37,956,10,10,2016,2,20,25,0,2,4,2,4,CR-5,131ST ST W,97,44.76673611,-93.303880560000,0,12,6,0,2,3,0,1,3,10,0,10,0,0000000,20,25,99,98,88,88,20,0,0,2,0
27,270271,2,2,0,0,0,2,2,157,0,14,10,2016,6,5,50,1,1,3,1,2,US-61,,443,44.20016389,-91.891019440000,0,12,2,0,1,1,0,1,2,10,0,10,1,0000000,5,53,6,8,7,0,0,0,0,1,1
27,270272,1,1,0,1,1,1,1,147,5500,14,10,2016,6,6,35,0,2,7,4,6,NORTH ST,RIVERSIDE AVE,7,44.09343889,-93.232150000000,0,8,0,0,3,3,0,1,2,1,0,1,0,0000000,6,36,6,41,6,56,0,0,0,1,0
27,270273,2,2,0,0,0,9,9,65,0,14,10,2016,6,16,41,0,1,4,1,3,SR-47,,753,45.93041944,-93.432094440000,0,12,1,0,1,1,0,1,1,10,0,10,1,0000000,16,41,16,55,17,20,0,0,0,1,0
27,270274,1,1,0,1,1,2,2,3,2560,14,10,2016,6,21,42,0,2,4,1,3,SR-47 UNIVERSITY AVE NE,81ST AVE NE,109,45.11531389,-93.263933330000,0,8,0,0,3,2,0,1,3,1,0,1,0,0000000,21,42,21,45,88,88,0,0,0,1,0
27,270275,1,1,0,0,0,2,2,97,0,15,10,2016,7,2,54,0,1,7,2,4,CR-240 113TH ST,,25,45.92632778,-94.062427780000,0,35,0,0,1,1,0,4,2,1,0,1,0,0000000,3,0,3,25,88,88,0,0,0,2,1
27,270276,1,1,0,0,0,1,1,103,5210,15,10,2016,7,7,18,0,1,4,1,3,SR-99 3RD ST,,1,44.27548611,-94.200100000000,0,59,0,0,1,1,0,4,6,1,0,1,0,0000000,8,0,8,1,88,88,0,0,0,1,1
27,270277,2,2,0,0,0,3,3,121,0,15,10,2016,7,17,32,1,1,3,1,3,SR-28,CR-33 110TH AVE,887,45.71081111,-95.180913890000,0,12,6,0,2,2,0,1,1,1,0,1,0,0000000,17,31,17,41,18,8,0,0,0,1,0
27,270278,1,1,0,0,0,1,1,53,0,16,10,2016,1,7,50,1,2,2,1,3,SR-77 RAMP,,101,44.87653333,-93.247325000000,0,1,0,1,5,1,0,4,1,1,0,1,0,0000000,99,99,99,99,99,99,0,0,0,1,1
27,270279,2,2,0,0,0,2,2,79,0,16,10,2016,1,15,35,0,1,6,2,4,CR-3 KILKENNY RD,,96,44.32204167,-93.574591670000,0,12,6,0,1,1,0,1,1,1,0,1,0,0000000,15,37,15,40,17,5,0,0,0,1,1