STATE,ST_CASE,VE_TOTAL,VE_FORMS,PVH_INVL,PEDS,PERNOTMVIT,PERMVIT,PERSONS,COUNTY,CITY,DAY,MONTH,YEAR,DAY_WEEK,HOUR,MINUTE,NHS,RUR_URB,FUNC_SYS,RD_OWNER,ROUTE,TWAY_ID,TWAY_ID2,MILEPT,LATITUDE,LONGITUD,SP_JUR,HARM_EV,MAN_COLL,RELJCT1,RELJCT2,TYP_INT,WRK_ZONE,REL_ROAD,LGT_COND,WEATHER1,WEATHER2,WEATHER,SCH_BUS,RAIL,NOT_HOUR,NOT_MIN,ARR_HOUR,ARR_MIN,HOSP_HR,HOSP_MN,CF1,CF2,CF3,FATALS,DRUNK_DR
27,270280,2,2,0,0,0,2,2,107,719,16,10,2016,1,21,52,0,1,4,1,3,SR-9,CR-39,1849,47.18028889,-96.500419440000,0,12,6,0,2,2,0,1,2,1,0,1,0,0000000,21,53,22,2,22,35,0,0,0,1,1
27,270281,1,1,0,1,1,1,1,53,4760,17,10,2016,2,15,59,0,2,4,4,6,11TH ST N,HAWTHORNE AVE,12,44.97623333,-93.279933330000,0,8,0,0,3,2,0,1,1,2,0,2,0,0000000,16,1,16,4,16,26,0,0,0,1,0
27,270282,1,1,0,1,1,1,1,53,4760,18,10,2016,3,8,35,0,2,4,2,4,CR-81 W BROADWAY AVE,SHERIDAN AVE N,17,45.00653056,-93.312086110000,0,8,0,0,3,3,0,1,1,1,0,1,0,0000000,8,36,8,40,8,50,0,0,0,1,0
27,270283,2,2,0,0,0,2,2,169,0,18,10,2016,3,12,10,1,1,1,1,1,I-90,,2664,43.92966667,-91.433800000000,0,12,2,0,1,1,0,1,1,1,0,1,0,0000000,12,10,12,24,88,88,0,0,0,2,0
27,270285,2,2,0,0,0,2,2,89,0,20,10,2016,5,6,54,0,1,4,1,3,SR-1,,281,48.19558889,-96.533488890000,0,12,2,0,1,1,0,1,2,10,0,10,0,0000000,7,3,7,16,7,40,0,0,0,1,0
27,270286,2,2,0,0,0,3,3,109,0,20,10,2016,5,19,32,0,1,4,1,2,US-63,,541,44.14320556,-92.415555560000,0,12,2,0,1,1,0,1,2,1,0,1,0,0000000,19,32,19,32,99,99,0,0,0,1,1
27,270287,2,2,0,0,0,2,2,59,0,21,10,2016,6,9,33,0,1,4,1,3,SR-65,,479,45.62959444,-93.197416670000,0,12,2,0,1,1,0,1,1,1,0,1,0,0000000,9,34,9,40,10,27,0,0,0,1,0
27,270288,2,2,0,0,0,7,7,37,0,21,10,2016,6,14,44,1,1,3,1,2,US-52,,1051,44.58885833,-92.985119440000,0,12,6,0,1,1,0,1,1,1,0,1,0,0000000,14,44,14,50,15,10,0,0,0,1,0
27,270289,4,3,1,0,0,7,7,37,0,22,10,2016,7,10,24,0,1,4,1,3,SR-56 RANDOLPH BLVD,CR-88,937,44.52637222,-93.009169440000,0,12,6,0,2,2,0,1,1,1,0,1,0,0000000,10,25,10,30,11,11,14,0,0,1,0
27,270290,1,1,0,0,0,1,1,63,0,23,10,2016,1,18,53,0,1,7,3,5,530TH AVE,,15,43.58077778,-95.014308330000,0,35,0,0,1,1,0,4,2,1,0,1,0,0000000,19,6,19,24,20,0,0,0,0,1,1
27,270292,1,1,0,1,1,1,1,53,3410,26,10,2016,4,5,55,0,2,4,4,6,17TH AVE S,MAIN ST,3,44.92432778,-93.421547220000,0,8,0,0,3,2,0,1,3,2,0,2,0,0000000,5,58,6,6,6,35,0,0,0,1,0
27,270293,1,1,0,1,1,1,1,137,2700,26,10,2016,4,18,47,0,2,4,1,3,SR-37 N BROADWAY ST,,280,47.48845556,-92.465477780000,0,8,0,0,1,1,0,1,3,2,0,2,0,0000000,18,47,18,57,19,20,0,0,0,1,0
27,270295,1,1,0,0,0,2,2,21,0,29,10,2016,7,4,0,0,1,4,1,3,SR-200,,1300,47.05265833,-94.504613890000,3,59,0,0,1,1,0,4,2,1,0,1,0,0000000,4,4,4,32,5,10,0,0,0,1,1
27,270296,1,1,0,0,0,1,1,3,190,26,10,2016,4,17,19,0,2,5,2,4,CR-79 NORTH ST,,2,45.20483611,-93.373816670000,0,34,0,0,1,1,0,4,5,10,0,10,0,0000000,17,19,17,20,17,45,0,0,0,1,0
27,270297,2,2,0,0,0,2,2,153,0,30,10,2016,1,9,7,1,1,3,1,2,US-71,380TH ST,2059,46.17937500,-95.041169440000,0,12,6,0,2,2,0,1,1,10,0,10,0,0000000,9,7,9,10,9,50,0,0,0,1,0
27,270298,1,1,0,1,1,2,2,105,7750,30,10,2016,1,19,24,0,2,7,4,6,RYAN ROAD,,3,43.63483333,-95.595988890000,0,8,0,0,1,1,0,1,3,1,0,1,0,0000000,19,25,19,29,19,48,0,0,0,1,0
27,270299,1,1,0,1,1,1,1,151,550,31,10,2016,2,5,26,1,1,3,1,2,US-SR29 CHURCH ST N,,325,45.31178611,-95.603255560000,0,8,0,0,1,1,0,1,3,10,0,10,0,0000000,5,26,5,31,5,47,0,0,0,1,0
27,270300,1,1,0,1,1,2,2,123,6330,2,11,2016,4,14,20,0,2,5,4,6,ARLINGTON AVE,MATILDA ST,12,44.98461389,-93.112352780000,0,8,0,0,3,3,0,1,1,1,0,1,0,0000000,14,22,14,34,15,1,0,0,0,1,0
27,270302,2,2,0,0,0,2,2,131,0,3,11,2016,5,16,15,0,1,4,1,3,SR-19 LONSDALE BLVD,,1734,44.47126667,-93.218941670000,0,12,2,0,1,1,0,1,1,1,0,1,0,0000000,16,15,16,20,16,35,0,0,0,1,1
27,270303,2,2,0,0,0,2,2,13,0,2,11,2016,4,17,43,0,1,5,2,4,CR-10,CR-165,221,44.00019722,-94.028466670000,0,12,6,0,2,2,0,1,1,1,0,1,0,0000000,17,45,18,1,99,99,0,0,0,1,0
27,270304,2,2,0,0,0,2,2,145,6420,4,11,2016,6,18,57,1,2,3,1,3,SR-15,CR-1,1524,45.59493333,-94.191155560000,0,46,0,0,3,2,0,4,3,1,0,1,0,0000000,18,54,19,5,88,88,0,0,0,1,0
27,270305,2,2,0,0,0,4,4,149,0,6,11,2016,1,16,36,0,1,4,1,3,SR-9,,625,45.60920278,-95.937633330000,0,12,2,0,1,1,0,1,1,1,0,1,0,0000000,16,37,16,50,17,4,0,0,0,1,0
27,270306,2,2,0,0,0,4,4,91,0,8,11,2016,3,7,18,0,1,5,2,4,CR-35 170TH ST,230TH AVE,182,43.73128889,-94.407694440000,0,12,6,0,2,2,0,1,1,1,0,1,0,0000000,7,26,7,41,9,30,0,0,0,1,0
27,270307,2,2,0,0,0,2,2,131,0,8,11,2016,3,14,10,0,2,5,2,4,CR-46 BAGLEY AVE,,26,44.36465278,-93.302569440000,0,12,2,0,1,1,0,1,1,1,0,1,0,0000000,14,10,14,15,15,0,0,0,0,1,0
27,270308,1,1,0,0,0,3,3,141,2110,8,11,2016,3,19,19,0,2,5,4,6,TWIN LAKES RD,,1,45.28191944,-93.541494440000,0,43,0,0,6,1,0,1,3,1,0,1,0,917432K,19,19,19,27,20,20,0,0,0,1,0
27,270309,1,1,0,1,1,1,1,53,821,8,11,2016,3,23,7,0,2,4,2,4,CR-81,CR-8 71ST AVE N,80,45.08364167,-93.377358330000,0,8,0,0,3,2,1,1,3,1,0,1,0,0000000,23,7,23,10,23,34,0,0,0,1,0
27,270310,1,1,0,1,1,1,1,137,1900,9,10,2016,1,13,59,0,2,4,4,6,N 6TH AVE E,E 6TH ST,7,46.79661111,-92.097219440000,0,8,0,0,3,2,0,1,1,1,0,1,0,0000000,14,0,14,1,88,88,0,0,0,1,0
27,270311,2,2,0,0,0,3,3,119,0,6,10,2016,5,10,52,0,1,4,1,2,US-75,CR-21,3374,48.02131944,-96.667733330000,0,12,6,0,2,2,0,1,1,1,0,1,0,0000000,99,99,99,99,99,99,0,0,0,1,0
27,270312,2,2,0,0,0,3,3,117,0,12,11,2016,7,2,31,1,1,3,1,3,SR-23,,285,43.97911667,-96.325386110000,0,12,2,0,1,1,0,1,2,1,0,1,0,0000000,2,31,2,36,2,46,0,0,0,1,1
27,270313,2,2,0,0,0,2,2,9,6440,14,11,2016,2,11,7,1,2,3,1,3,SR-15,18TH ST,1536,45.61028056,-94.179397220000,0,12,6,0,2,2,0,1,1,10,0,10,0,0000000,11,7,11,12,11,38,0,0,0,1,0
27,270314,2,2,0,0,0,2,2,39,0,15,11,2016,3,5,37,0,1,4,1,3,SR-56,,484,43.92158333,-92.859169440000,0,12,2,0,1,1,0,1,2,5,0,5,0,0000000,5,35,5,45,6,40,0,0,0,1,0
27,270315,2,2,0,0,0,2,2,171,0,31,10,2016,2,16,44,1,1,3,1,3,SR-55,,1610,45.11583889,-93.807363890000,0,12,2,0,1,1,0,1,1,10,0,10,0,0000000,16,44,16,51,17,36,0,0,0,1,1
27,270316,1,1,0,1,1,1,1,53,820,16,11,2016,4,20,40,0,2,4,2,4,CR-152 BROOKLYN BLVD,CR-10 BASS LAKE RD,43,45.06047778,-93.324788890000,0,8,0,0,3,2,0,1,3,1,0,1,0,0000000,20,40,20,45,21,0,0,0,0,1,0
27,270317,1,1,0,0,0,1,1,37,3490,17,11,2016,5,20,8,1,2,3,1,3,SR-55,,2050,44.83383611,-93.086227780000,0,52,0,1,19,1,0,3,2,1,0,1,0,0000000,20,10,20,20,88,88,0,0,0,1,0
27,270318,1,1,0,0,0,2,2,163,2450,18,11,2016,6,4,38,1,2,1,1,1,I-35,,1304,45.26033611,-93.014513890000,0,5,0,0,1,1,0,1,2,10,0,10,0,0000000,4,46,4,52,88,88,0,0,0,1,1
27,270319,1,1,0,1,1,1,1,137,1900,18,11,2016,6,5,51,0,2,4,4,6,W 3RD ST,N 3RD AVE E,53,46.79173056,-92.097877780000,0,8,0,0,3,2,0,1,6,2,0,2,0,0000000,99,99,99,99,99,99,0,0,0,1,0
27,270320,2,2,0,0,0,4,4,101,0,18,11,2016,6,6,17,1,1,3,1,2,US-59,,490,44.10332222,-95.743458330000,0,12,6,0,1,1,0,1,6,4,0,4,0,0000000,6,17,6,35,6,53,0,0,0,1,0
27,270321,2,2,0,0,0,8,8,127,0,18,11,2016,6,19,22,1,1,3,1,2,US-MN19,,783,44.54515000,-94.995333330000,0,12,2,0,1,1,0,1,2,10,7,7,0,0000000,19,24,19,37,20,11,0,0,0,1,0
27,270322,2,2,0,0,0,4,4,17,0,18,11,2016,6,12,15,0,1,5,2,4,CR-1,,84,46.64969722,-92.399416670000,0,12,6,0,1,1,0,1,1,4,11,4,0,0000000,12,15,12,17,13,5,0,0,0,1,0
27,270323,1,1,0,1,1,2,2,57,0,20,11,2016,1,0,7,0,1,4,1,3,SR-200,,1132,47.19838889,-94.731336110000,0,8,0,0,1,1,0,1,2,1,0,1,0,0000000,0,13,0,32,0,57,0,0,0,1,1
27,270324,1,1,0,0,0,1,1,49,0,20,11,2016,1,18,15,0,1,7,2,4,CR-P (DODGE CO),,4,44.19681944,-93.037411110000,0,35,0,0,1,1,0,4,3,1,0,1,0,0000000,18,20,18,40,88,88,0,0,0,1,0
27,270325,1,1,0,0,0,1,1,119,0,20,11,2016,1,18,20,0,1,5,2,4,CR-23 250TH AVE NW,,209,48.10578611,-96.587580560000,0,11,0,0,1,1,0,1,2,1,0,1,0,0000000,18,20,18,30,88,88,0,0,0,1,0
27,270326,2,2,0,0,0,2,2,115,0,21,11,2016,2,17,0,1,1,3,1,3,SR-23,,2669,45.96266944,-93.025186110000,0,12,2,0,1,1,0,1,5,10,0,10,0,0000000,17,0,17,12,19,2,0,0,0,1,0
27,270327,2,2,0,0,0,3,3,71,0,22,11,2016,3,16,9,1,1,3,1,2,US-71,,4051,48.39390000,-93.581652780000,0,12,6,0,1,1,0,1,5,4,10,4,0,0000000,16,9,16,12,16,30,0,0,0,2,0
27,270328,1,1,0,1,1,1,1,37,956,22,11,2016,3,17,5,0,2,4,2,4,CR-38 MCANDREWS RD,ECHO PARK LA,25,44.75387778,-93.254050000000,0,8,0,0,1,1,0,1,3,3,12,3,0,0000000,17,5,17,10,88,88,0,0,0,1,0
27,270330,2,2,0,0,0,2,2,137,0,23,11,2016,4,7,45,0,1,4,1,3,SR-1,,2757,47.87199444,-92.025950000000,0,12,6,0,1,1,0,1,1,10,4,4,0,0000000,7,45,8,1,9,50,0,0,0,1,0
27,270332,2,2,0,0,0,2,2,109,5960,25,11,2016,6,9,13,1,2,3,1,2,US-14 12TH ST SE,8TH AVE SW,2165,44.00711944,-92.452375000000,0,12,6,0,2,2,0,1,1,10,0,10,0,0000000,9,13,9,13,9,50,0,0,0,1,0
27,270333,1,1,0,1,1,1,1,53,4760,27,11,2016,1,17,5,0,2,4,4,6,NICOLLET AVE S,E 43RD ST,23,44.92515278,-93.277922220000,0,8,0,0,3,2,0,1,3,2,0,2,0,0000000,99,99,99,99,99,99,0,0,0,1,0
27,270334,2,2,0,0,0,3,3,13,0,28,11,2016,2,1,26,0,1,5,2,4,CR-10 164TH ST,CR-14 615TH AVE,334,44.02218333,-93.828569440000,0,12,6,0,2,2,0,1,2,10,2,2,0,0000000,1,28,1,32,1,33,0,0,0,2,0
27,270335,2,2,0,0,0,3,3,49,0,29,11,2016,3,15,37,0,1,5,1,3,SR-57,CR-11,147,44.22538333,-92.791566670000,0,12,6,0,2,2,0,1,1,10,0,10,0,0000000,15,36,15,48,99,99,0,0,0,1,0
27,270336,2,2,0,0,0,2,2,19,0,30,11,2016,4,17,32,1,1,3,1,3,SR-7,CR-23,1660,44.90550833,-93.889933330000,0,12,6,0,2,2,0,1,3,2,0,2,0,0000000,17,32,17,39,17,56,0,0,0,1,1
27,270337,2,2,0,0,0,4,4,123,215,1,12,2016,5,7,0,0,2,4,1,4,CR-96,US-10,2412,45.07915278,-93.177233330000,0,12,6,1,2,2,0,1,3,10,0,10,0,0000000,7,0,7,10,8,0,0,0,0,2,0
27,270338,2,2,0,1,1,1,1,109,5424,1,12,2016,5,19,52,1,1,3,1,2,US-52,,672,44.17213889,-92.557611110000,0,12,7,0,1,1,0,1,2,10,0,10,0,0000000,19,55,20,5,88,88,23,0,0,1,0
27,270339,2,2,0,0,0,6,6,53,0,2,12,2016,6,20,25,1,2,1,1,1,I-494,SR-5,11,44.86301111,-93.218588890000,0,12,2,1,2,4,0,1,3,10,0,10,0,0000000,20,26,20,36,20,45,0,0,0,3,1
27,270341,2,2,0,0,0,3,3,7,0,5,12,2016,2,22,3,1,1,3,1,2,US-71,,3239,47.59388056,-94.777655560000,0,12,6,0,1,1,0,1,2,4,10,4,0,0000000,22,3,22,23,22,48,0,0,0,1,0
27,270342,1,1,0,0,0,1,1,117,0,7,12,2016,4,22,51,0,1,5,2,4,CR-18 180TH AVE,,27,43.88236111,-96.104450000000,0,32,0,0,1,1,0,5,2,99,0,99,0,0000000,22,51,22,59,23,23,0,0,0,1,1
27,270343,2,2,0,0,0,2,2,131,0,8,12,2016,5,17,38,0,1,4,1,3,SR-21,SR-99,109,44.38457500,-93.443325000000,0,12,6,0,2,3,0,1,5,10,4,4,0,0000000,17,38,17,54,88,88,0,0,0,1,1
27,270344,1,1,0,1,1,1,1,137,1900,10,12,2016,7,13,10,0,2,4,2,4,CR-6 MAPLE GROVE RD,,135,46.80759167,-92.167488890000,0,8,0,0,1,1,0,1,1,1,0,1,0,0000000,13,12,13,19,13,32,0,0,0,1,0
27,270345,2,1,1,0,1,1,2,37,6620,12,12,2016,2,5,47,1,2,1,1,1,I-494,,643,44.88114167,-93.023644440000,0,14,0,1,19,1,0,2,3,10,0,10,0,0000000,5,50,5,56,88,88,19,0,0,1,0
27,270346,2,2,0,0,0,2,2,1,0,12,12,2016,2,10,5,0,1,4,1,3,SR-18,,367,46.35083056,-93.537713890000,0,12,2,0,1,1,0,1,1,1,0,1,0,0000000,10,9,10,26,88,88,0,0,0,1,0
27,270347,2,2,0,0,0,2,2,5,0,13,12,2016,3,23,55,1,1,3,1,2,US-59,,2687,46.90499722,-95.902491670000,0,12,2,0,1,1,0,1,2,7,0,7,0,0000000,23,59,0,7,0,41,0,0,0,2,0
27,270348,2,2,0,0,0,2,2,35,0,16,12,2016,6,15,15,1,2,3,1,3,SR-371B,CR-21,26,46.31231944,-94.231319440000,0,12,6,0,2,2,0,1,1,10,0,10,0,0000000,15,17,15,23,88,88,0,0,0,1,0
27,270349,1,1,0,0,0,3,3,17,0,16,12,2016,6,18,3,1,2,1,1,1,I-35,,2409,46.69915000,-92.391505560000,0,1,0,0,1,1,0,3,2,4,0,4,0,0000000,18,3,18,15,18,35,0,0,0,1,0
27,270350,2,2,0,0,0,2,2,77,0,18,12,2016,1,7,59,1,1,3,1,3,SR-11,,1057,48.79140556,-95.059244440000,0,12,2,0,1,1,0,1,1,1,0,1,0,0000000,8,25,8,43,9,14,0,0,0,1,1
27,270351,1,1,0,0,0,1,1,35,0,19,12,2016,2,16,8,0,1,4,1,3,SR-6,,59,46.42731944,-93.873566670000,0,42,0,0,1,1,0,4,1,10,0,10,0,0000000,16,8,16,18,88,88,0,0,0,1,0
27,270352,2,2,0,0,0,2,2,113,0,19,12,2016,2,17,40,0,1,4,1,3,SR-1,,487,48.12218611,-96.128961110000,0,11,0,0,1,1,0,1,1,10,7,7,0,0000000,17,40,17,46,18,29,0,0,0,1,0
27,270353,2,2,0,0,0,4,4,109,0,15,12,2016,5,11,31,0,1,5,2,4,CR-3,,259,44.12292222,-92.569619440000,0,12,2,0,1,1,0,1,1,1,0,1,0,0000000,11,34,11,48,12,18,0,0,0,1,0
27,270354,2,2,0,0,0,2,2,163,3910,23,12,2016,6,14,54,0,2,4,2,4,CR-10,,35,44.96349722,-92.911525000000,0,12,6,0,1,1,0,1,1,4,3,4,0,0000000,14,57,15,6,15,29,0,0,0,1,0
27,270355,2,2,0,0,0,4,4,83,0,24,12,2016,7,19,14,1,1,3,1,3,SR-23,,821,44.55205278,-95.743311110000,0,12,6,0,1,1,0,1,2,2,0,2,0,0000000,19,20,19,28,19,54,0,0,0,1,0
27,270356,1,1,0,2,2,1,1,5,0,25,12,2016,1,6,2,0,1,5,2,4,CR-29,,75,46.79856944,-95.701144440000,0,8,0,0,1,1,0,1,2,10,3,3,0,0000000,6,2,6,13,6,54,0,0,0,1,0
27,270357,2,2,0,0,0,2,2,139,0,26,12,2016,2,17,25,0,1,4,2,4,CR-8 220TH ST W,SR-21,0,44.63072778,-93.610911110000,0,12,6,0,2,2,0,1,2,7,0,7,0,0000000,17,25,17,35,18,25,0,0,0,1,0
27,270358,2,2,0,0,0,3,3,133,0,27,12,2016,3,12,36,0,1,5,2,4,CR-2,241ST ST.,40,43.83358611,-96.112822220000,0,12,6,0,2,2,0,1,1,1,0,1,0,0000000,12,36,12,47,13,13,0,0,0,2,0
27,270359,2,2,0,0,0,3,3,23,0,29,12,2016,5,10,54,1,1,3,1,3,SR-23,CR-1,1250,44.99231111,-95.289100000000,0,12,1,0,2,2,0,1,1,6,0,6,0,0000000,10,55,11,5,11,35,0,0,0,1,0
27,270360,2,2,0,0,0,2,2,89,0,29,12,2016,5,18,30,0,1,4,1,2,US-59,CR-27,3893,48.52924167,-96.478175000000,0,12,2,0,2,2,0,1,2,1,0,1,0,0000000,18,30,18,45,19,35,0,0,0,1,1
27,270361,1,1,0,1,1,1,1,37,6620,2,8,2016,3,2,22,1,2,1,1,1,I-494,,646,44.87678611,-93.029897220000,0,8,0,0,1,1,0,1,3,1,0,1,0,0000000,2,22,2,29,88,88,0,0,0,1,0
27,270362,1,1,0,1,1,1,1,53,4760,31,12,2016,7,3,26,1,2,1,1,1,I-35W,,156,44.94820833,-93.274758330000,0,8,0,0,1,1,0,1,3,10,0,10,0,0000000,3,27,3,30,4,5,0,0,0,1,0
27,270363,2,2,0,0,0,2,2,109,0,31,12,2016,7,22,56,0,1,5,2,4,CR-4,,24,44.07230833,-92.601830560000,0,12,2,0,1,1,0,1,2,1,0,1,0,0000000,22,57,23,1,0,17,0,0,0,1,0
27,270364,2,2,0,0,0,2,2,97,0,23,4,2016,7,16,19,0,1,7,2,4,CR-248 173RD ST,,32,46.01220278,-93.912194440000,0,12,1,0,1,1,0,2,1,1,0,1,0,0000000,16,20,16,40,88,88,0,0,0,1,0
27,270365,1,1,0,1,1,1,1,139,2100,25,9,2016,1,2,25,0,1,7,3,6,MAIN ST,,4,44.56438889,-93.321611110000,0,8,0,0,1,1,0,1,6,10,0,10,0,0000000,2,25,2,30,88,88,0,0,0,1,1
27,270366,1,1,0,0,0,1,1,21,0,20,7,2016,4,1,20,0,1,5,2,4,CR-60 164TH ST NW,,23,47.39606111,-94.641008330000,0,1,0,0,1,1,0,4,2,1,0,1,0,0000000,1,20,1,25,88,88,0,0,0,1,1
27,270367,1,1,0,1,1,1,1,137,0,2,10,2016,1,4,5,0,1,5,2,4,CR-100,,7,47.38601944,-92.267605560000,0,8,0,0,1,1,0,1,2,1,0,1,0,0000000,4,28,4,54,88,88,0,0,0,1,0
27,270368,1,1,0,0,0,1,1,93,0,10,11,2016,5,16,0,0,1,7,3,5,573RD AVE,,12,45.02281111,-94.620058330000,0,35,0,0,1,1,0,4,9,99,0,99,0,0000000,16,5,16,20,88,88,0,0,0,1,1
27,270369,1,1,0,0,0,1,1,95,0,24,12,2016,7,7,50,0,1,5,2,4,CR-13 60TH ST,,109,45.63112222,-93.547227780000,0,42,0,0,1,1,0,4,1,10,0,10,0,0000000,7,50,8,5,9,0,0,0,0,1,0
27,270370,1,1,0,0,0,1,1,83,4570,4,12,2016,1,16,58,1,2,3,1,3,SR-23,,723,44.42945556,-95.794766670000,0,1,0,0,1,1,0,4,5,1,0,1,0,0000000,16,58,17,1,17,52,0,0,0,1,0
27,270371,1,1,0,0,0,5,5,19,1180,19,11,2016,7,21,48,0,2,7,4,6,CREEK RD,,15,44.79937222,-93.615380560000,0,1,0,0,1,1,0,4,2,1,0,1,0,0000000,99,99,99,99,99,99,0,0,0,1,0
27,270372,1,1,0,0,0,2,2,5,0,8,11,2016,3,13,48,0,1,7,3,5,296TH AVE,,5,47.13527778,-95.773663890000,3,1,0,0,1,1,0,2,1,10,0,10,0,0000000,13,54,14,5,15,20,2,0,0,1,0
27,270373,1,1,0,0,0,1,1,47,0,16,12,2016,6,11,31,0,1,4,2,4,CR-46 W MAIN ST,,117,43.64790000,-93.420938890000,0,38,0,0,1,1,0,4,1,4,0,4,0,0000000,99,99,99,99,99,99,0,0,0,1,0
27,270374,3,3,0,0,0,4,4,37,3490,30,9,2016,6,17,50,0,2,5,2,4,CR-14 MENDOTA RD,,5,44.88353056,-93.081391670000,0,12,6,0,8,1,0,1,1,1,0,1,0,0000000,18,5,18,20,18,55,0,0,0,1,0
27,270375,2,2,0,0,0,3,3,163,7716,6,11,2016,1,15,5,0,2,4,2,4,CR-18 BAILEY RD,DORCHESTER DR,40,44.89065278,-92.911083330000,0,12,1,0,3,3,0,1,1,1,0,1,0,0000000,99,99,99,99,99,99,0,0,0,1,0
27,270376,1,1,0,0,0,1,1,37,0,9,12,2016,6,9,57,0,1,7,3,5,210TH ST W,,15,44.64498333,-93.085750000000,0,1,0,0,1,1,0,4,1,1,0,1,0,0000000,9,57,10,8,10,55,0,0,0,1,0